type,name,module,path,hash
"csv","agent-manifest","_cfg","_cfg/agent-manifest.csv","3737ba9f4d98e0f017ba99a26013cf1623120bf78e3670772bcea39e26376094"
"csv","task-manifest","_cfg","_cfg/task-manifest.csv","368b7cced3cb58dd8da1757b368308f8c76dd238fbcf4e0435677a26b6773a23"
"csv","workflow-manifest","_cfg","_cfg/workflow-manifest.csv","e569a85543409283dd3707b701220b3bc1cde1f256314618831c6aa377bec16a"
"yaml","manifest","_cfg","_cfg/manifest.yaml","c4c40f6269cab4e1f06a71141cd9f55ea4638ecd9efe60428b1265c5378e5a2b"
"csv","default-party","bmm","bmm/teams/default-party.csv","43209253a2e784e6b054a4ac427c9532a50d9310f6a85052d93ce975b9162156"
"csv","documentation-requirements","bmm","bmm/workflows/document-project/documentation-requirements.csv","d1253b99e88250f2130516b56027ed706e643bfec3d99316727a4c6ec65c6c1d"
"csv","domain-complexity","bmm","bmm/workflows/2-plan-workflows/prd/domain-complexity.csv","ed4d30e9fd87db2d628fb66cac7a302823ef6ebb3a8da53b9265326f10a54e11"
"csv","domain-complexity","bmm","bmm/workflows/3-solutioning/architecture/data/domain-complexity.csv","cb9244ed2084143146f9f473244ad9cf63d33891742b9f6fbcb6e354fa4f3a93"
"csv","project-types","bmm","bmm/workflows/2-plan-workflows/prd/project-types.csv","7a01d336e940fb7a59ff450064fd1194cdedda316370d939264a0a0adcc0aca3"
"csv","project-types","bmm","bmm/workflows/3-solutioning/architecture/data/project-types.csv","12343635a2f11343edb1d46906981d6f5e12b9cad2f612e13b09460b5e5106e7"
"csv","tea-index","bmm","bmm/testarch/tea-index.csv","374a8d53b5e127a9440751a02c5112c66f81bc00e2128d11d11f16d8f45292ea"
"excalidraw","workflow-method-greenfield","bmm","bmm/docs/images/workflow-method-greenfield.excalidraw","cd623b99dcbd424f6f1d0c4b5c7cc8019d523a40682a12aaacd58a3a71181ba3"
"json","excalidraw-library","bmm","bmm/workflows/diagrams/_shared/excalidraw-library.json","8e5079f4e79ff17f4781358423f2126a1f14ab48bbdee18fd28943865722030c"
"json","project-scan-report-schema","bmm","bmm/workflows/document-project/templates/project-scan-report-schema.json","53255f15a10cab801a1d75b4318cdb0095eed08c51b3323b7e6c236ae6b399b7"
"md","agents-guide","bmm","bmm/docs/agents-guide.md","0ed51e6eaf804e26841e91b776c1aaf7d96aee3d389895e9a6ebc1ac757c4900"
"md","api-request","bmm","bmm/testarch/knowledge/api-request.md","93ac674f645cb389aafe08ce31e53280ebc0385c59e585a199b772bb0e0651fb"
"md","architecture-decision-template","bmm","bmm/workflows/3-solutioning/architecture/architecture-decision-template.md","677abaa21e5ea5aa11ea84d596f3ff81506652b5929b6403d404d9c7623c3752"
"md","atdd-checklist-template","bmm","bmm/workflows/testarch/atdd/atdd-checklist-template.md","4a663156ada567c617993fa334e51e4eb670d47098d9b04e2007c4d286c818dc"
"md","auth-session","bmm","bmm/testarch/knowledge/auth-session.md","b2ee00c5650655311ff54d20dcd6013afb5b280a66faa8336f9fb810436f1aab"
"md","bmad-quick-flow","bmm","bmm/docs/bmad-quick-flow.md","e437c81feedf8a981595a6f53119d5ffff37b3815d0b58901340b1908d470136"
"md","brownfield-guide","bmm","bmm/docs/brownfield-guide.md","72107bb66d7d1f76d935d022b4913a831dba6ddd838833d1e3ac8b55d4e4033a"
"md","burn-in","bmm","bmm/testarch/knowledge/burn-in.md","5ba3d2abe6b961e5bc3948ab165e801195bff3ee6e66569c00c219b484aa4b5d"
"md","checklist","bmm","bmm/workflows/4-implementation/code-review/checklist.md","e30d2890ba5c50777bbe04071f754e975a1d7ec168501f321a79169c4201dd28"
"md","checklist","bmm","bmm/workflows/4-implementation/correct-course/checklist.md","c02bdd4bf4b1f8ea8f7c7babaa485d95f7837818e74cef07486a20b31671f6f5"
"md","checklist","bmm","bmm/workflows/4-implementation/create-story/checklist.md","da609c09af4a9dea4a0a3cb2bd691b5032e15120f539c9b43f7452cfbe68cafb"
"md","checklist","bmm","bmm/workflows/4-implementation/dev-story/checklist.md","5e9fe3c5df30f2ab79eac375317d4d1ade1face371d2ac669cef52762afe0fc4"
"md","checklist","bmm","bmm/workflows/4-implementation/sprint-planning/checklist.md","80b10aedcf88ab1641b8e5f99c9a400c8fd9014f13ca65befc5c83992e367dd7"
"md","checklist","bmm","bmm/workflows/bmad-quick-flow/quick-dev/checklist.md","7a26f68fa535caa6b461c4e84846241db4669da29b19a7ab510eeeff434bae12"
"md","checklist","bmm","bmm/workflows/diagrams/create-dataflow/checklist.md","f420aaf346833dfda5454ffec9f90a680e903453bcc4d3e277d089e6781fec55"
"md","checklist","bmm","bmm/workflows/diagrams/create-diagram/checklist.md","6357350a6e2237c1b819edd8fc847e376192bf802000cb1a4337c9584fc91a18"
"md","checklist","bmm","bmm/workflows/diagrams/create-flowchart/checklist.md","45aaf882b8e9a1042683406ae2cfc0b23d3d39bd1dac3ddb0778d5b7165f7047"
"md","checklist","bmm","bmm/workflows/diagrams/create-wireframe/checklist.md","588f9354bf366c173aa261cf5a8b3a87c878ea72fd2c0f8088c4b3289e984641"
"md","checklist","bmm","bmm/workflows/document-project/checklist.md","2f1edb9e5e0b003f518b333ae842f344ff94d4dda7df07ba7f30c5b066013a68"
"md","checklist","bmm","bmm/workflows/testarch/atdd/checklist.md","c4fa594d949dd8f1f818c11054b28643b458ab05ed90cf65f118deb1f4818e9f"
"md","checklist","bmm","bmm/workflows/testarch/automate/checklist.md","bf1ae220c15c9f263967d1606658b19adcd37d57aef2b0faa30d34f01e5b0d22"
"md","checklist","bmm","bmm/workflows/testarch/ci/checklist.md","13f19e4224f8106acb018ce87169329ab1bc9384f06328d6d2164b3b8b1629ce"
"md","checklist","bmm","bmm/workflows/testarch/framework/checklist.md","16cc3aee710abb60fb85d2e92f0010b280e66b38fac963c0955fb36e7417103a"
"md","checklist","bmm","bmm/workflows/testarch/nfr-assess/checklist.md","044416df40402db39eb660509eedadafc292c16edc247cf93812f2a325ee032c"
"md","checklist","bmm","bmm/workflows/testarch/test-design/checklist.md","1a7e5e975d5a2bd3afd81e743e5ee3a2aa72571fce250caac24a6643808394eb"
"md","checklist","bmm","bmm/workflows/testarch/test-review/checklist.md","0626c675114c23019e20e4ae2330a64baba43ad11774ff268c027b3c584a0891"
"md","checklist","bmm","bmm/workflows/testarch/trace/checklist.md","a4468ae2afa9cf676310ec1351bb34317d5390e4a02ded9684cc15a62f2fd4fd"
"md","ci-burn-in","bmm","bmm/testarch/knowledge/ci-burn-in.md","4cdcf7b576dae8b5cb591a6fad69674f65044a0dc72ea57d561623dac93ec475"
"md","component-tdd","bmm","bmm/testarch/knowledge/component-tdd.md","88bd1f9ca1d5bcd1552828845fe80b86ff3acdf071bac574eda744caf7120ef8"
"md","contract-testing","bmm","bmm/testarch/knowledge/contract-testing.md","d8f662c286b2ea4772213541c43aebef006ab6b46e8737ebdc4a414621895599"
"md","data-factories","bmm","bmm/testarch/knowledge/data-factories.md","d7428fe7675da02b6f5c4c03213fc5e542063f61ab033efb47c1c5669b835d88"
"md","deep-dive-instructions","bmm","bmm/workflows/document-project/workflows/deep-dive-instructions.md","8cb3d32d7685e5deff4731c2003d30b4321ef6c29247b3ddbe672c185e022604"
"md","deep-dive-template","bmm","bmm/workflows/document-project/templates/deep-dive-template.md","6198aa731d87d6a318b5b8d180fc29b9aa53ff0966e02391c17333818e94ffe9"
"md","documentation-standards","bmm","bmm/data/documentation-standards.md","fc26d4daff6b5a73eb7964eacba6a4f5cf8f9810a8c41b6949c4023a4176d853"
"md","email-auth","bmm","bmm/testarch/knowledge/email-auth.md","43f4cc3138a905a91f4a69f358be6664a790b192811b4dfc238188e826f6b41b"
"md","enterprise-agentic-development","bmm","bmm/docs/enterprise-agentic-development.md","e6bd84922c69224331e8fd193f5486e261866047982d921e268152659f789f1a"
"md","epics-template","bmm","bmm/workflows/3-solutioning/create-epics-and-stories/templates/epics-template.md","b8ec5562b2a77efd80c40eba0421bbaab931681552e5a0ff01cd93902c447ff7"
"md","error-handling","bmm","bmm/testarch/knowledge/error-handling.md","8a314eafb31e78020e2709d88aaf4445160cbefb3aba788b62d1701557eb81c1"
"md","faq","bmm","bmm/docs/faq.md","e1f6d88aa6381cd86bd52a06b944e5db34adcd87069b0d5d2048a6e4d6b278e8"
"md","feature-flags","bmm","bmm/testarch/knowledge/feature-flags.md","f6db7e8de2b63ce40a1ceb120a4055fbc2c29454ad8fca5db4e8c065d98f6f49"
"md","file-utils","bmm","bmm/testarch/knowledge/file-utils.md","e0d4e98ca6ec32035ae07a14880c65ab99298e9240404d27a05788c974659e8b"
"md","fixture-architecture","bmm","bmm/testarch/knowledge/fixture-architecture.md","a3b6c1bcaf5e925068f3806a3d2179ac11dde7149e404bc4bb5602afb7392501"
"md","fixtures-composition","bmm","bmm/testarch/knowledge/fixtures-composition.md","8e57a897663a272fd603026aeec76941543c1e09d129e377846726fd405f3a5a"
"md","full-scan-instructions","bmm","bmm/workflows/document-project/workflows/full-scan-instructions.md","6c6e0d77b33f41757eed8ebf436d4def69cd6ce412395b047bf5909f66d876aa"
"md","glossary","bmm","bmm/docs/glossary.md","c50812db5de4331113205abe905da8aa95420c59f27c82751cd4136586927d32"
"md","index-template","bmm","bmm/workflows/document-project/templates/index-template.md","42c8a14f53088e4fda82f26a3fe41dc8a89d4bcb7a9659dd696136378b64ee90"
"md","instructions","bmm","bmm/workflows/4-implementation/correct-course/instructions.md","36bdc26a75adcba6aba508f3384512502d6640f96926742666e026f1eb380666"
"md","instructions","bmm","bmm/workflows/4-implementation/retrospective/instructions.md","5508761efc7f88a54dc8de697977b6eccdd11f588f8469c1beb49ba70b2532af"
"md","instructions","bmm","bmm/workflows/4-implementation/sprint-planning/instructions.md","655ca6098c868ae5775a5cc547e97273f10814af1c59a61d6e38543e6d4ab1ac"
"md","instructions","bmm","bmm/workflows/4-implementation/sprint-status/instructions.md","7f6a8498f4bfb3c47073d70283a3c53ef174961c984ed6f10430d372638cb092"
"md","instructions","bmm","bmm/workflows/bmad-quick-flow/create-tech-spec/instructions.md","4fe696440982bdfb01d936a20c55aea658d934786ec9918b4080e36730c5ad4d"
"md","instructions","bmm","bmm/workflows/bmad-quick-flow/quick-dev/instructions.md","3b5f3f5040289389f1aadbf61c9ca6ed18ed743dc0d50ec946d441848deabdf4"
"md","instructions","bmm","bmm/workflows/diagrams/create-dataflow/instructions.md","d07ed411e68fce925af5e59800e718406a783f8b94dadaa42425f3a33f460637"
"md","instructions","bmm","bmm/workflows/diagrams/create-diagram/instructions.md","231d3ce0f0fe0f8af9010acebf2720eb858a45ea34cd1e7ec8385878bcd5e27f"
"md","instructions","bmm","bmm/workflows/diagrams/create-flowchart/instructions.md","36e8b3327dd6c97270f11de6f3bea346c17dd1b0e25fef65245fe166b00a2543"
"md","instructions","bmm","bmm/workflows/diagrams/create-wireframe/instructions.md","60309b71a73d1bee9804aaf63228c917066b8da64b929b32813b1d0411a8b8b2"
"md","instructions","bmm","bmm/workflows/document-project/instructions.md","da53bc02e056f83987e55a19939ecd3319b98a6de1a6eddde08c9a002636e249"
"md","instructions","bmm","bmm/workflows/testarch/atdd/instructions.md","eef9fc4eb4b866bacfc3e5b85a492c0f45530640c648cbe1dbbc78885db9a21e"
"md","instructions","bmm","bmm/workflows/testarch/automate/instructions.md","49b5979463bd683271df610128e174ec08725e351500dbc2aa05b8b19e99d56c"
"md","instructions","bmm","bmm/workflows/testarch/ci/instructions.md","bd4b8ef35428a9c046a926c7467920ac9c0de90e1222bf5bf7671f4ac6d1f429"
"md","instructions","bmm","bmm/workflows/testarch/framework/instructions.md","14009ff970a6dbce184439b466eac968abc26667271217981c314c1911a09db9"
"md","instructions","bmm","bmm/workflows/testarch/nfr-assess/instructions.md","7de16907253721c8baae2612be35325c6fa543765377783763a09739fa71f072"
"md","instructions","bmm","bmm/workflows/testarch/test-design/instructions.md","abe606f1b1daeb6da224ad8868515f7a3bdc1dcca95b74b3b53b891df8f6ecec"
"md","instructions","bmm","bmm/workflows/testarch/test-review/instructions.md","615eed020131c681f77ec2405559e40c38f3b6789b81c2effb3cb759fd674d1a"
"md","instructions","bmm","bmm/workflows/testarch/trace/instructions.md","fe499a09c4bebbff0a0bce763ced2c36bee5c36b268a4abb4e964a309ff2fa20"
"md","instructions","bmm","bmm/workflows/workflow-status/init/instructions.md","4377ed6015f4e0a6b9c85b68343f3ebcefefe5f08c77386d280ed9d13adfd592"
"md","instructions","bmm","bmm/workflows/workflow-status/instructions.md","ee1d418a8360906a505abc019e22fbd94a0bc7deaf7b8d5e4684240028b1b485"
"md","intercept-network-call","bmm","bmm/testarch/knowledge/intercept-network-call.md","fb551cb0cefe3c062c28ae255a121aaae098638ec35a16fcdba98f670887ab6a"
"md","log","bmm","bmm/testarch/knowledge/log.md","b6267716ccbe6f9e2cc1b2b184501faeb30277bc8546206a66f31500c52381d0"
"md","network-error-monitor","bmm","bmm/testarch/knowledge/network-error-monitor.md","0380eb6df15af0a136334ad00cf44c92c779f311b07231f5aa6230e198786799"
"md","network-first","bmm","bmm/testarch/knowledge/network-first.md","2920e58e145626f5505bcb75e263dbd0e6ac79a8c4c2ec138f5329e06a6ac014"
"md","network-recorder","bmm","bmm/testarch/knowledge/network-recorder.md","9f120515cc377c4c500ec0b5fff0968666a9a4edee03a328d92514147d50f073"
"md","nfr-criteria","bmm","bmm/testarch/knowledge/nfr-criteria.md","e63cee4a0193e4858c8f70ff33a497a1b97d13a69da66f60ed5c9a9853025aa1"
"md","nfr-report-template","bmm","bmm/workflows/testarch/nfr-assess/nfr-report-template.md","b1d8fcbdfc9715a285a58cb161242dea7d311171c09a2caab118ad8ace62b80c"
"md","overview","bmm","bmm/testarch/knowledge/overview.md","bae70e1489fc29692a40e83e605f63a8c82cfde7db1c58b15b565dc5cdee49d4"
"md","party-mode","bmm","bmm/docs/party-mode.md","7acadc96c7235695a88cba42b5642e1ee3a7f96eb2264862f629e1d4280b9761"
"md","playwright-config","bmm","bmm/testarch/knowledge/playwright-config.md","42516511104a7131775f4446196cf9e5dd3295ba3272d5a5030660b1dffaa69f"
"md","prd-template","bmm","bmm/workflows/2-plan-workflows/prd/prd-template.md","77e54c1f7e16986be40c8ff411e954894492ef678fd21f310dd77e62d87b5315"
"md","probability-impact","bmm","bmm/testarch/knowledge/probability-impact.md","446dba0caa1eb162734514f35366f8c38ed3666528b0b5e16c7f03fd3c537d0f"
"md","product-brief.template","bmm","bmm/workflows/1-analysis/product-brief/product-brief.template.md","0993d8a5b0bb42d1aebd092e726d0829bdcab6ccfa227dc3816626366e8ccf8c"
"md","project-context-template","bmm","bmm/data/project-context-template.md","34421aed3e0ad921dc0c0080297f3a2299735b00a25351de589ada99dae56559"
"md","project-context-template","bmm","bmm/workflows/generate-project-context/project-context-template.md","df2e7d5a78f80e96e90891219c6770849a6a4a61670cd80561d1c47a6302b974"
"md","project-overview-template","bmm","bmm/workflows/document-project/templates/project-overview-template.md","a7c7325b75a5a678dca391b9b69b1e3409cfbe6da95e70443ed3ace164e287b2"
"md","quick-flow-solo-dev","bmm","bmm/docs/quick-flow-solo-dev.md","8ca0bb322aeebe7ceff2598920eae6f8e450759cf1a232ad55efba71d94d6edf"
"md","quick-spec-flow","bmm","bmm/docs/quick-spec-flow.md","e732f1d06040a38393c2621cf89736bdb652dd57fc38f341d262c4aaacb77eb2"
"md","quick-start","bmm","bmm/docs/quick-start.md","46307514eff57cc42d6580afedda259f44f64913576e51169df446b8a45884bf"
"md","readiness-report-template","bmm","bmm/workflows/3-solutioning/implementation-readiness/templates/readiness-report-template.md","0da97ab1e38818e642f36dc0ef24d2dae69fc6e0be59924dc2dbf44329738ff6"
"md","README","bmm","bmm/data/README.md","352c44cff4dd0e5a90cdf6781168ceb57f5a78eaabddcd168433d8784854e4fb"
"md","README","bmm","bmm/docs/images/README.md","4f9c7bdfeef5599172046e8f3165e2c95d67d4749448e689ebfc507b39a65679"
"md","README","bmm","bmm/docs/README.md","4d8d185f83ad686edaea93ac533542c01b23d73a49e56c147078eff33c643cb2"
"md","README","bmm","bmm/README.md","ad4e6d0c002e3a5fef1b695bda79e245fe5a43345375c699165b32d6fc511457"
"md","recurse","bmm","bmm/testarch/knowledge/recurse.md","19056fb5b7e5e626aad81277b3e5eec333f2aed36a17aea6c7d8714a5460c8b2"
"md","research.template","bmm","bmm/workflows/1-analysis/research/research.template.md","f556c1797899e279c453b654fad1830deb65da3726b6349b1ad8ddec0fa43543"
"md","risk-governance","bmm","bmm/testarch/knowledge/risk-governance.md","2fa2bc3979c4f6d4e1dec09facb2d446f2a4fbc80107b11fc41cbef2b8d65d68"
"md","scale-adaptive-system","bmm","bmm/docs/scale-adaptive-system.md","343e3772c2e24e9ddd6b9278f72e48dc7be961ee5ad23496003cc17cac57314c"
"md","selective-testing","bmm","bmm/testarch/knowledge/selective-testing.md","c14c8e1bcc309dbb86a60f65bc921abf5a855c18a753e0c0654a108eb3eb1f1c"
"md","selector-resilience","bmm","bmm/testarch/knowledge/selector-resilience.md","a55c25a340f1cd10811802665754a3f4eab0c82868fea61fea9cc61aa47ac179"
"md","source-tree-template","bmm","bmm/workflows/document-project/templates/source-tree-template.md","109bc335ebb22f932b37c24cdc777a351264191825444a4d147c9b82a1e2ad7a"
"md","step-01-discover","bmm","bmm/workflows/generate-project-context/steps/step-01-discover.md","150bbebcbfbe5f4b57ad0fc4a3b2b992d9dc537c3e3c018c47e267abf6f886a3"
"md","step-01-document-discovery","bmm","bmm/workflows/3-solutioning/implementation-readiness/steps/step-01-document-discovery.md","ce231c3d88c9cb014a940b671f5dc25b69db8a297a3f226e1a9ffbc3aedd181d"
"md","step-01-init","bmm","bmm/workflows/1-analysis/product-brief/steps/step-01-init.md","8fe8b488f6766456ba0dc9ac7d45e145c1266dcaca4633ae850c101381d4db54"
"md","step-01-init","bmm","bmm/workflows/1-analysis/research/domain-steps/step-01-init.md","c880668be8190af4db0df42cf1609097c747478b048b6ba2554fc7044444a3b3"
"md","step-01-init","bmm","bmm/workflows/1-analysis/research/market-steps/step-01-init.md","e47f961651ad449964cbbd16f39f0a34b2e7ffa0da7e9d06a8a361329e2d7ba1"
"md","step-01-init","bmm","bmm/workflows/1-analysis/research/technical-steps/step-01-init.md","4d6ed6afc591c556dda2284265960cf74ea7e8c4d65108edb3278043fc915ef1"
"md","step-01-init","bmm","bmm/workflows/2-plan-workflows/create-ux-design/steps/step-01-init.md","8c0811939c75acc2400c4670ac0a3721d8d8df1564119e625ea6a70bb56e5ace"
"md","step-01-init","bmm","bmm/workflows/2-plan-workflows/prd/steps/step-01-init.md","b2d8ce68633dbecc4cd32d4df8e6068731de8dc61faf1ddafbb651af3f87baee"
"md","step-01-init","bmm","bmm/workflows/3-solutioning/architecture/steps/step-01-init.md","f464457c30fef1dcc5b5fd31d3feef8aa807f16f85f998d61e5fa9391aa02774"
"md","step-01-validate-prerequisites","bmm","bmm/workflows/3-solutioning/create-epics-and-stories/steps/step-01-validate-prerequisites.md","4f1c61d1379a07c28d058a48efb16c805b303e2ab19dbf2743ee68778dba2765"
"md","step-01b-continue","bmm","bmm/workflows/1-analysis/product-brief/steps/step-01b-continue.md","029570dbfd0cede406fd6de79e9196d9a673007f2b3687c4ff9a6d1380c1a4cf"
"md","step-01b-continue","bmm","bmm/workflows/2-plan-workflows/create-ux-design/steps/step-01b-continue.md","e897baf661717873e781abfea7b0f30dc0fc5668e8dfb87511f8d848e4429e78"
"md","step-01b-continue","bmm","bmm/workflows/2-plan-workflows/prd/steps/step-01b-continue.md","0401baf1faad67432912ae6e5a3755eca2764a09b7fafde21f7b40388c81a0ce"
"md","step-01b-continue","bmm","bmm/workflows/3-solutioning/architecture/steps/step-01b-continue.md","4188f4abe9674b83108571317f8be8e35fc95d51d156397827dded6ef7429213"
"md","step-02-context","bmm","bmm/workflows/3-solutioning/architecture/steps/step-02-context.md","2875692c74095e5f9eedf88bb461c56685373a938ee436bddbfa1e1304c60956"
"md","step-02-customer-behavior","bmm","bmm/workflows/1-analysis/research/market-steps/step-02-customer-behavior.md","fb25681e5e731736df99f7a3cc3ecf3181d8faea0a872fb5b5d3bdc3d98c3266"
"md","step-02-customer-insights","bmm","bmm/workflows/1-analysis/research/market-steps/step-02-customer-insights.md","3c516f4958f55f9732838238a45948987a7a88cab14c9c469f5d03a1f5b4a375"
"md","step-02-design-epics","bmm","bmm/workflows/3-solutioning/create-epics-and-stories/steps/step-02-design-epics.md","4a58e62aa46ec866b43ff04e842ca45219eddaa932cc8c4f9543ba1bad9fb491"
"md","step-02-discovery","bmm","bmm/workflows/2-plan-workflows/create-ux-design/steps/step-02-discovery.md","a618c7b9c1cc8fa4ac859e36b979cbbfa66fee8d2e50015f902cc8fbe7c6ddcb"
"md","step-02-discovery","bmm","bmm/workflows/2-plan-workflows/prd/steps/step-02-discovery.md","76323855c878faf2c2a2e03a881c5742a7d8915dc3aa4817fba5649433e4479a"
"md","step-02-domain-analysis","bmm","bmm/workflows/1-analysis/research/domain-steps/step-02-domain-analysis.md","f0281c46b50151af72d28bf71fbf70e451b89b01dd1e0607d5c4c8d45a9fe9a3"
"md","step-02-generate","bmm","bmm/workflows/generate-project-context/steps/step-02-generate.md","3ce90684fcbe072c568f53e0518dafbe2cddbf9b78195ace806f277374c2e7a1"
"md","step-02-prd-analysis","bmm","bmm/workflows/3-solutioning/implementation-readiness/steps/step-02-prd-analysis.md","309a073dcaa2a4beaa7f75da4b6955582c1504d93ac860c2369b351a1d054e9f"
"md","step-02-technical-overview","bmm","bmm/workflows/1-analysis/research/technical-steps/step-02-technical-overview.md","dfef6c9c0054dbf4a9faf43a7f577a0296a69ab1a1e2fe9aa64affdad3dee84b"
"md","step-02-vision","bmm","bmm/workflows/1-analysis/product-brief/steps/step-02-vision.md","3c880759b86ff79b9bfa28bd55eb3a90d8bdaf79ed010467ba7fb0906f5b5bd7"
"md","step-03-competitive-landscape","bmm","bmm/workflows/1-analysis/research/domain-steps/step-03-competitive-landscape.md","bdb6b7ad4157c50fe5cb7b87aaa332a32f2581468afda783dec77efb1761805d"
"md","step-03-complete","bmm","bmm/workflows/generate-project-context/steps/step-03-complete.md","9158815e89b1ac9c959502a8dfcff0c019a736aabea7d7e6f319984f65ba5c73"
"md","step-03-core-experience","bmm","bmm/workflows/2-plan-workflows/create-ux-design/steps/step-03-core-experience.md","be36e09b94f46140b84af7bfecad7b0dc2513c057b9a72969f5e1a7c56673426"
"md","step-03-create-stories","bmm","bmm/workflows/3-solutioning/create-epics-and-stories/steps/step-03-create-stories.md","8ae4f79b022613766cd63bc9221b4854c23c99fb0c90671bcf77f02422c4644b"
"md","step-03-customer-pain-points","bmm","bmm/workflows/1-analysis/research/market-steps/step-03-customer-pain-points.md","63f5e16bf31da6a377812744fcc03fc886e6e84f30685d383836c688466049ff"
"md","step-03-epic-coverage-validation","bmm","bmm/workflows/3-solutioning/implementation-readiness/steps/step-03-epic-coverage-validation.md","77fc006425963f73c7884dc0de9af5d61feb495fd71678ab8d0367661278fd3b"
"md","step-03-integration-patterns","bmm","bmm/workflows/1-analysis/research/technical-steps/step-03-integration-patterns.md","516d5543ebe5f9004dc6ff7e09428704cbb85baf5aa33f2693d57515f43cc43e"
"md","step-03-starter","bmm","bmm/workflows/3-solutioning/architecture/steps/step-03-starter.md","d6c517d59bd51bcd19f7bc2978b102ea14f1e7bd23de14b07acab3d8ec3d27fc"
"md","step-03-success","bmm","bmm/workflows/2-plan-workflows/prd/steps/step-03-success.md","b1a9d4bce7ec0f4239968d4e763e6f6cf41865ea79c2cd26a002199bfa9b7ff2"
"md","step-03-users","bmm","bmm/workflows/1-analysis/product-brief/steps/step-03-users.md","bcbc8a7d46c892fe235feec68e5d15864c934dcbe71bcefa590e156ed47b32e7"
"md","step-04-architectural-patterns","bmm","bmm/workflows/1-analysis/research/technical-steps/step-04-architectural-patterns.md","9e7d6107622625fa95ad2de6cbfdeb6b52864e78a4dcf3707d1f6202c53c4851"
"md","step-04-customer-decisions","bmm","bmm/workflows/1-analysis/research/market-steps/step-04-customer-decisions.md","79b952a9d41819dfd448a058525450e7894a8d6bf15dbbbcfd60d6698c24db94"
"md","step-04-decisions","bmm","bmm/workflows/3-solutioning/architecture/steps/step-04-decisions.md","936ba06a19f3fff6858dfcd7c119065066ea0e3ca37a7076c08b4d0e9439e8c3"
"md","step-04-emotional-response","bmm","bmm/workflows/2-plan-workflows/create-ux-design/steps/step-04-emotional-response.md","ecaf542e3e73423898a1d7ff12cc183e9ccf94110e934fbe731765627f684513"
"md","step-04-final-validation","bmm","bmm/workflows/3-solutioning/create-epics-and-stories/steps/step-04-final-validation.md","1761893b0eca2f0cc173a5be823de42dfe9b6980d9bbb98b16ae6cbd16e3b13f"
"md","step-04-journeys","bmm","bmm/workflows/2-plan-workflows/prd/steps/step-04-journeys.md","f1342c23fbc3d6d607dd3764b4d4c4344d2c582631f0f20d50c4da65d1599e07"
"md","step-04-metrics","bmm","bmm/workflows/1-analysis/product-brief/steps/step-04-metrics.md","6e4c8aaa2577e2608df8dc1ac6893c38b406c4e292ba4673221c685c65275380"
"md","step-04-regulatory-focus","bmm","bmm/workflows/1-analysis/research/domain-steps/step-04-regulatory-focus.md","6fd786eb13f598569dca4e1b75f9d21b9be97721219c89743c08d7f7779c9c26"
"md","step-04-ux-alignment","bmm","bmm/workflows/3-solutioning/implementation-readiness/steps/step-04-ux-alignment.md","52b0d64f014425a6f89ccd020c5f2773398c2bbdea7d3c239dfa2b90f53d87de"
"md","step-05-competitive-analysis","bmm","bmm/workflows/1-analysis/research/market-steps/step-05-competitive-analysis.md","5e6053df3323fdb561871881989d33e696fd43270cfed98c0064e409031f42b4"
"md","step-05-domain","bmm","bmm/workflows/2-plan-workflows/prd/steps/step-05-domain.md","5dfcd708499c211e9f91b360740ad8fe734f4bc9da55c49b0f8034ddb930cfe1"
"md","step-05-epic-quality-review","bmm","bmm/workflows/3-solutioning/implementation-readiness/steps/step-05-epic-quality-review.md","e6a90281966eed2cfa06223f65848119ffa8e93d7e932ee92ccb701f0d5accff"
"md","step-05-implementation-research","bmm","bmm/workflows/1-analysis/research/technical-steps/step-05-implementation-research.md","f8067535a667f5e367e85844599ef92848872bdb57bff1dfcdad3aefb1c6512a"
"md","step-05-inspiration","bmm","bmm/workflows/2-plan-workflows/create-ux-design/steps/step-05-inspiration.md","cd3c0612dacb466d8c8c1cebba688852f32dd188e8bc7ae3405be18b779be1e6"
"md","step-05-patterns","bmm","bmm/workflows/3-solutioning/architecture/steps/step-05-patterns.md","3fff9ec3b093a089b332fb905728dc5c9206cab9ce0ee8dcecf389a123b4d8ad"
"md","step-05-scope","bmm","bmm/workflows/1-analysis/product-brief/steps/step-05-scope.md","fa80e32015904b2f88fe210c64842d10b996bbd074529b36b91ef23199c4dfaa"
"md","step-05-technical-trends","bmm","bmm/workflows/1-analysis/research/domain-steps/step-05-technical-trends.md","4923fbc706e69ff2fdff372284e103ad1db5c9ed7486a77a00f9c494a90966a6"
"md","step-06-complete","bmm","bmm/workflows/1-analysis/product-brief/steps/step-06-complete.md","64be100635ec539e85c87cf21a8ffdb8cc463a8dc98877b3f1c664c8558c8f92"
"md","step-06-design-system","bmm","bmm/workflows/2-plan-workflows/create-ux-design/steps/step-06-design-system.md","21548ba370fcebd0ee14178e0beff84930523e166c8b570ac0a590ab66459970"
"md","step-06-final-assessment","bmm","bmm/workflows/3-solutioning/implementation-readiness/steps/step-06-final-assessment.md","7a1630b701947ad6e3478ca53190e42d4ebf20818de952f8f7f3dab19d74aff0"
"md","step-06-innovation","bmm","bmm/workflows/2-plan-workflows/prd/steps/step-06-innovation.md","9083b908aaf5f196f4bb1391dd2334b857d43f7ed097e118a40213c000e4880d"
"md","step-06-research-completion","bmm","bmm/workflows/1-analysis/research/market-steps/step-06-research-completion.md","72d52d60cb2eb00402b96f64f3d44f252326f6b7c713dfe73c6a055325919f18"
"md","step-06-research-synthesis","bmm","bmm/workflows/1-analysis/research/domain-steps/step-06-research-synthesis.md","b8c29bb261f3cfe2ec06d69c4c2fbce4fb945f628168143d33667a5295648b49"
"md","step-06-research-synthesis","bmm","bmm/workflows/1-analysis/research/technical-steps/step-06-research-synthesis.md","78d3cdb130563cf819baf397bdc8dd27159264be74d86d3ec83795aa78bffde3"
"md","step-06-structure","bmm","bmm/workflows/3-solutioning/architecture/steps/step-06-structure.md","61e4b0c0fb330f13bea220f0c9c8e4f756e9ac19ae3e2b3dfafdbc4a8a4e01c7"
"md","step-07-defining-experience","bmm","bmm/workflows/2-plan-workflows/create-ux-design/steps/step-07-defining-experience.md","739d82e834c5bc65a7ec0f4b356b5beb79c782fa4a93b1651beb1468f8f7a087"
"md","step-07-project-type","bmm","bmm/workflows/2-plan-workflows/prd/steps/step-07-project-type.md","7ff98e4411f8d46bb7a0c212f25b5e04a5035ee425f8af3011887707d18f7c85"
"md","step-07-validation","bmm","bmm/workflows/3-solutioning/architecture/steps/step-07-validation.md","83ff68cce8340a603ee8dd028aaace6bf85f92c810422b89b94c57a8ef541df5"
"md","step-08-complete","bmm","bmm/workflows/3-solutioning/architecture/steps/step-08-complete.md","87f452c0d8d023166f6805494ef10624e11b3793472411b922b02c006cf723b4"
"md","step-08-scoping","bmm","bmm/workflows/2-plan-workflows/prd/steps/step-08-scoping.md","1b3d08ebacb86dd5e3f4e5724ad0b68c87347e1bb0df2ef6cd0dc6618dd0c59a"
"md","step-08-visual-foundation","bmm","bmm/workflows/2-plan-workflows/create-ux-design/steps/step-08-visual-foundation.md","fa7e5214293a97225a55be1aa0277e6d5bc545ef9cbec84f45f6d6e4a655a40c"
"md","step-09-design-directions","bmm","bmm/workflows/2-plan-workflows/create-ux-design/steps/step-09-design-directions.md","352e5636a19798e7fa118bd10958e13dd1e2c4ac4e3c111cfc5a4a9c1dbe469e"
"md","step-09-functional","bmm","bmm/workflows/2-plan-workflows/prd/steps/step-09-functional.md","9adbc4f021bdcf06cca3de1b4ac6bae5c1bb62eb146d0b741471eb5697b0a400"
"md","step-10-nonfunctional","bmm","bmm/workflows/2-plan-workflows/prd/steps/step-10-nonfunctional.md","3f4bf931ce6b5aa57aebdb9bb9c0e1bae35ce83e3430bac58a9cb35ef571aae0"
"md","step-10-user-journeys","bmm","bmm/workflows/2-plan-workflows/create-ux-design/steps/step-10-user-journeys.md","b258da09427d558f9f78a292146be9f2fc927cdedc20cf0ee2278b90e0f5435d"
"md","step-11-complete","bmm","bmm/workflows/2-plan-workflows/prd/steps/step-11-complete.md","607cd870d37099413c032d93dd3b78f5ba85ce69228c11afc6d4f83055a0ee0e"
"md","step-11-component-strategy","bmm","bmm/workflows/2-plan-workflows/create-ux-design/steps/step-11-component-strategy.md","3329c3b913802be8d5cc02e75b532796c6ffd45f4212830c2a919ccd0a2457ca"
"md","step-12-ux-patterns","bmm","bmm/workflows/2-plan-workflows/create-ux-design/steps/step-12-ux-patterns.md","62bc6dfe807b6b57ac853dd52e8820703a23fdeee618710034c0486fbc222c9b"
"md","step-13-responsive-accessibility","bmm","bmm/workflows/2-plan-workflows/create-ux-design/steps/step-13-responsive-accessibility.md","d74240090a320468b9e5e961bbbf8375f0aa3599e65ceadfb6c291ef48b34e7e"
"md","step-14-complete","bmm","bmm/workflows/2-plan-workflows/create-ux-design/steps/step-14-complete.md","833ba63b697ba5f8e35a7d53784c2646ce4e1726ce2dfa53bf3a9fb6880ba532"
"md","template","bmm","bmm/workflows/4-implementation/create-story/template.md","83c5d21312c0f2060888a2a8ba8332b60f7e5ebeb9b24c9ee59ba96114afb9c9"
"md","test-architecture","bmm","bmm/docs/test-architecture.md","47a154c44d69adbac3cd7a0ec5f6f436349c4f5865b73d803f4940e8eea6f21c"
"md","test-design-template","bmm","bmm/workflows/testarch/test-design/test-design-template.md","0902ec300d59458bcfc2df24da2622b607b557f26e6d407e093b7c7dbc515ba5"
"md","test-healing-patterns","bmm","bmm/testarch/knowledge/test-healing-patterns.md","b44f7db1ebb1c20ca4ef02d12cae95f692876aee02689605d4b15fe728d28fdf"
"md","test-levels-framework","bmm","bmm/testarch/knowledge/test-levels-framework.md","80bbac7959a47a2e7e7de82613296f906954d571d2d64ece13381c1a0b480237"
"md","test-priorities-matrix","bmm","bmm/testarch/knowledge/test-priorities-matrix.md","321c3b708cc19892884be0166afa2a7197028e5474acaf7bc65c17ac861964a5"
"md","test-quality","bmm","bmm/testarch/knowledge/test-quality.md","97b6db474df0ec7a98a15fd2ae49671bb8e0ddf22963f3c4c47917bb75c05b90"
"md","test-review-template","bmm","bmm/workflows/testarch/test-review/test-review-template.md","3e68a73c48eebf2e0b5bb329a2af9e80554ef443f8cd16652e8343788f249072"
"md","timing-debugging","bmm","bmm/testarch/knowledge/timing-debugging.md","c4c87539bbd3fd961369bb1d7066135d18c6aad7ecd70256ab5ec3b26a8777d9"
"md","trace-template","bmm","bmm/workflows/testarch/trace/trace-template.md","5453a8e4f61b294a1fc0ba42aec83223ae1bcd5c33d7ae0de6de992e3ee42b43"
"md","troubleshooting","bmm","bmm/docs/troubleshooting.md","cc0195444117d4aee1c41da16d9bee1897d412b6e2f52566f50f50a1e412b6f4"
"md","ux-design-template","bmm","bmm/workflows/2-plan-workflows/create-ux-design/ux-design-template.md","ffa4b89376cd9db6faab682710b7ce755990b1197a8b3e16b17748656d1fca6a"
"md","visual-debugging","bmm","bmm/testarch/knowledge/visual-debugging.md","072a3d30ba6d22d5e628fc26a08f6e03f8b696e49d5a4445f37749ce5cd4a8a9"
"md","workflow","bmm","bmm/workflows/1-analysis/product-brief/workflow.md","8433aa07a09c741cada483a828921f252c90dcf9f6d1f8e3618cd086cb5cdcad"
"md","workflow","bmm","bmm/workflows/1-analysis/research/workflow.md","6e512542fa15b8c7d6a3edec3247d38865a2d1e06df8d4010ca91b0878d5ace6"
"md","workflow","bmm","bmm/workflows/2-plan-workflows/create-ux-design/workflow.md","609c1bb6d760418258694a6d3021b77b5be470aee7f2692a33c914ce78c44516"
"md","workflow","bmm","bmm/workflows/2-plan-workflows/prd/workflow.md","e5e912a67f5e1864d0a2f37fa6f9d18420e7780bd7b3f3e8f9d5bd90e3bad5ae"
"md","workflow","bmm","bmm/workflows/3-solutioning/architecture/workflow.md","39c901db8f433cec6492eabcb231bd6048dd05f4792516db9787f165483400e0"
"md","workflow","bmm","bmm/workflows/3-solutioning/create-epics-and-stories/workflow.md","623b0a05746ea4e6c9c8801616829dd7722a3eb83b6136a3b30baa94b965bfc8"
"md","workflow","bmm","bmm/workflows/3-solutioning/implementation-readiness/workflow.md","7d8e7877b2d21ea5fb42c2cd1dc9615b423455e05fcf62e8c542d6413bada3de"
"md","workflow","bmm","bmm/workflows/generate-project-context/workflow.md","e9bd71f07d28f8b038267fecbef17af489f7cc03540d5c326132b218c485b276"
"md","workflow-architecture-reference","bmm","bmm/docs/workflow-architecture-reference.md","36efd4e3d74d1739455e896e62b7711bf4179c572f1eef7a7fae7f2385adcc6d"
"md","workflow-document-project-reference","bmm","bmm/docs/workflow-document-project-reference.md","a261abcaad05e63d7f1231bd9a2db66f9e29e4bb4b161ec997564906febfb66c"
"md","workflows-analysis","bmm","bmm/docs/workflows-analysis.md","351e7375bd1ac13ae6a4125091f13b3c10dfdada984252fc773f4128f2db110d"
"md","workflows-implementation","bmm","bmm/docs/workflows-implementation.md","cfacb518a3883d4dbe9e4b4f9420dd6a81cfe62f4c59fbd93469b2282c9a2141"
"md","workflows-planning","bmm","bmm/docs/workflows-planning.md","be3e0347cb26380b4f978c7311efc033b01bd416c8cfbac4e3dec940ca99b2b4"
"md","workflows-solutioning","bmm","bmm/docs/workflows-solutioning.md","fbaca970023e55b4635fb06448fbc0279b36bcc54b626025bc11fdbdedfe3ff8"
"svg","workflow-method-greenfield","bmm","bmm/docs/images/workflow-method-greenfield.svg","f0ce562d058e6edb114a8ae8bc51fa6a71394c08c0ac16aae07d959c88c6dcca"
"xml","daily-standup","bmm","bmm/tasks/daily-standup.xml","0ae12d1c1002120a567611295e201c9d11eb64618b935d7ef586257103934224"
"xml","instructions","bmm","bmm/workflows/4-implementation/code-review/instructions.xml","71012ab43eafc8921665046fc55899a13ba7a44c9dec8668cd8d2e735c8d916b"
"xml","instructions","bmm","bmm/workflows/4-implementation/create-story/instructions.xml","0e6bbec38a67d865583733bdafd790494eb3c742826c8ec1cbc913128bba662c"
"xml","instructions","bmm","bmm/workflows/4-implementation/dev-story/instructions.xml","82f1b393a9c7a283ab3ed6b61b05524952c8138a37f34e9ed1bf5771173f08bf"
"yaml","config","bmm","bmm/config.yaml","31e8b3e22ee1f474685bc383ccd723ed0867b1683355e1388b3199985d8055d5"
"yaml","deep-dive","bmm","bmm/workflows/document-project/workflows/deep-dive.yaml","c401fb8d94ca96f3bb0ccc1146269e1bfa4ce4eadab52bd63c7fcff6c2f26216"
"yaml","enterprise-brownfield","bmm","bmm/workflows/workflow-status/paths/enterprise-brownfield.yaml","04a43e86f644949302cd5d4d801fb2ccdbb0f66b75609bc1fa712fd5c3bce675"
"yaml","enterprise-greenfield","bmm","bmm/workflows/workflow-status/paths/enterprise-greenfield.yaml","20bda9331b02335c24f1686aab29183801d5de6cd40cadb4fd7472ee643cc8ab"
"yaml","excalidraw-templates","bmm","bmm/workflows/diagrams/_shared/excalidraw-templates.yaml","ca6e4ae85b5ab16df184ce1ddfdf83b20f9540db112ebf195cb793017f014a70"
"yaml","full-scan","bmm","bmm/workflows/document-project/workflows/full-scan.yaml","3d2e620b58902ab63e2d83304180ecd22ba5ab07183b3afb47261343647bde6f"
"yaml","github-actions-template","bmm","bmm/workflows/testarch/ci/github-actions-template.yaml","cf7d1f0a1f2853b07df1b82b00ebe79f800f8f16817500747b7c4c9c7143aba7"
"yaml","gitlab-ci-template","bmm","bmm/workflows/testarch/ci/gitlab-ci-template.yaml","986f29817e04996ab9f80bf2de0d25d8ed2365d955cc36d5801afaa93e99e80b"
"yaml","method-brownfield","bmm","bmm/workflows/workflow-status/paths/method-brownfield.yaml","35365c7af516ba2205d16e19a656695890e53678613bf835d490c338b7467b59"
"yaml","method-greenfield","bmm","bmm/workflows/workflow-status/paths/method-greenfield.yaml","9f84ab40aa4c7984fd4e948f3f55823066e94fcbf1d16d207aee2a731e5c38ba"
"yaml","project-levels","bmm","bmm/workflows/workflow-status/project-levels.yaml","414b9aefff3cfe864e8c14b55595abfe3157fd20d9ee11bb349a2b8c8e8b5449"
"yaml","sprint-status-template","bmm","bmm/workflows/4-implementation/sprint-planning/sprint-status-template.yaml","fd63abf2268b20df2c42144de5dc274b165539b237efed8711d932fd31705cd9"
"yaml","team-fullstack","bmm","bmm/teams/team-fullstack.yaml","da8346b10dfad8e1164a11abeb3b0a84a1d8b5f04e01e8490a44ffca477a1b96"
"yaml","workflow","bmm","bmm/workflows/4-implementation/code-review/workflow.yaml","32b79a35778279604f4b4ef3aa4092b1e9cf68bc3a995811ce300c585467353c"
"yaml","workflow","bmm","bmm/workflows/4-implementation/correct-course/workflow.yaml","53bc0f2bc058cabf28febb603fd9be5d1171f6c8db14715ab65e7a0798bde696"
"yaml","workflow","bmm","bmm/workflows/4-implementation/create-story/workflow.yaml","af643ca53116b47bf9eb6ba40637202e2eaea54e8f2082c34949e9c02e36c876"
"yaml","workflow","bmm","bmm/workflows/4-implementation/dev-story/workflow.yaml","0e7a654791dd939458df2df4c89f745f1adc1dd0582bc7172094a8560b3ff262"
"yaml","workflow","bmm","bmm/workflows/4-implementation/retrospective/workflow.yaml","f9ccda4e0e7728797ce021f5ae40e5d5632450453471d932a8b7577c600f9434"
"yaml","workflow","bmm","bmm/workflows/4-implementation/sprint-planning/workflow.yaml","a594814b3a0860a9cb7cc24ad9f3dcbdec990ad870e404e4f25c4cedd9abe4f0"
"yaml","workflow","bmm","bmm/workflows/4-implementation/sprint-status/workflow.yaml","0d50b7da7ecd3696704d6a19b917a840bd6c1a1b78e28b6d81d8b3cd3cf2304f"
"yaml","workflow","bmm","bmm/workflows/bmad-quick-flow/create-tech-spec/workflow.yaml","1fc651cbd6d67d1991c60ff066428e73fece37d66b110d61fa96f4c0e44f44a5"
"yaml","workflow","bmm","bmm/workflows/bmad-quick-flow/quick-dev/workflow.yaml","b1ba864f0a591a8309c9295bbfc068019494577611cc2a68207867ca80cf986b"
"yaml","workflow","bmm","bmm/workflows/diagrams/create-dataflow/workflow.yaml","58e9c6b6c99e68d166ec3491ae3299d9f662480da39b5f21afa5bf7ccc82d7ad"
"yaml","workflow","bmm","bmm/workflows/diagrams/create-diagram/workflow.yaml","4ae7bb7fe57d40ef357ff74732ac672e2094691ae5f4a67515bf37c504604c4a"
"yaml","workflow","bmm","bmm/workflows/diagrams/create-flowchart/workflow.yaml","fde7e2dc8920839f0ad7012520fcbabf4fda004c38de546d891a987a29694e57"
"yaml","workflow","bmm","bmm/workflows/diagrams/create-wireframe/workflow.yaml","511a7d17d13c5cbc57a1d2c3f73d1a79b2952aa40242f3c6d1117901bb5c495b"
"yaml","workflow","bmm","bmm/workflows/document-project/workflow.yaml","219333bb489c0aa0b2538a4801a381502a9f581839889262f6ef102ea4d54be7"
"yaml","workflow","bmm","bmm/workflows/testarch/atdd/workflow.yaml","e0c095c8844f0a92f961e3570d5887b8a7be39a6a2e8c7c449f13eb9cf3e0fb9"
"yaml","workflow","bmm","bmm/workflows/testarch/automate/workflow.yaml","b7b3d6552f8d3e2a0d9243fca27e30ad5103e38798fadd02b6b376b3f0532aac"
"yaml","workflow","bmm","bmm/workflows/testarch/ci/workflow.yaml","d8d59916c937fef9ee5e2c454cfa0cda33e58d21b211d562a05681587b8fdde0"
"yaml","workflow","bmm","bmm/workflows/testarch/framework/workflow.yaml","2774679175fed88d0ef21be44418a26a82a5b9d1aa08c906373a638e7877d523"
"yaml","workflow","bmm","bmm/workflows/testarch/nfr-assess/workflow.yaml","dad49221c4dcb4e1fbcc118b5caae13c63a050412e402ff65b6971cfab281fe3"
"yaml","workflow","bmm","bmm/workflows/testarch/test-design/workflow.yaml","494d12c966022969c74caeb336e80bb0fce05f0bb4f83581ab7111e9f6f0596d"
"yaml","workflow","bmm","bmm/workflows/testarch/test-review/workflow.yaml","c5e272f9969b704aa56b83a22f727fa2188490d7f6e347bc65966e0513eefa96"
"yaml","workflow","bmm","bmm/workflows/testarch/trace/workflow.yaml","841eec77aba6490ba5672ac2c01ce570c38011e94574d870e8ba15bba78509f4"
"yaml","workflow","bmm","bmm/workflows/workflow-status/init/workflow.yaml","3f54117211a421790df59c6c0a15d6ba6be33a001489d013870f939aaa649436"
"yaml","workflow","bmm","bmm/workflows/workflow-status/workflow.yaml","6a1ad67ec954660fd8e7433b55ab3b75e768f7efa33aad36cf98cdbc2ef6575b"
"yaml","workflow-status-template","bmm","bmm/workflows/workflow-status/workflow-status-template.yaml","0ec9c95f1690b7b7786ffb4ab10663c93b775647ad58e283805092e1e830a0d9"
"csv","advanced-elicitation-methods","core","core/tasks/advanced-elicitation-methods.csv","e08b2e22fec700274982e37be608d6c3d1d4d0c04fa0bae05aa9dba2454e6141"
"csv","brain-methods","core","core/workflows/brainstorming/brain-methods.csv","0ab5878b1dbc9e3fa98cb72abfc3920a586b9e2b42609211bb0516eefd542039"
"md","bmad-master","core","core/agents/bmad-master.md","a9316de299009e453e41fcda9099050e8770b8c2c8594a90b7c99a179e38e5fe"
"md","excalidraw-helpers","core","core/resources/excalidraw/excalidraw-helpers.md","37f18fa0bd15f85a33e7526a2cbfe1d5a9404f8bcb8febc79b782361ef790de4"
"md","library-loader","core","core/resources/excalidraw/library-loader.md","7837112bd0acb5906870dff423a21564879d49c5322b004465666a42c52477ab"
"md","README","core","core/resources/excalidraw/README.md","a188224350e2400410eb52b7d7a36b1ee39d2ea13be1b58b231845f6bc37f21b"
"md","step-01-agent-loading","core","core/workflows/party-mode/steps/step-01-agent-loading.md","67fea74140f85bfcd0d26c202fa6fdc146861cf0a68405a8b15c971dddcaa20f"
"md","step-01-session-setup","core","core/workflows/brainstorming/steps/step-01-session-setup.md","943118388f1cb81eda922240a944cff84517388298ead6b9e02f917432d8bf31"
"md","step-01b-continue","core","core/workflows/brainstorming/steps/step-01b-continue.md","9d531b012f85a2a7c3ddd94a2adeb8189eab24c370d099dbabb1bd6e33b3a9cb"
"md","step-02-discussion-orchestration","core","core/workflows/party-mode/steps/step-02-discussion-orchestration.md","1f0a6ca96139f522cc26ce6fdf78b4f94297201a53f06c30fb30e65717957cfb"
"md","step-02a-user-selected","core","core/workflows/brainstorming/steps/step-02a-user-selected.md","24158414bfe6daa46c94e6e43a9ec3a8d9a6dfe1b2a5bd8b719d06c775dcc73d"
"md","step-02b-ai-recommended","core","core/workflows/brainstorming/steps/step-02b-ai-recommended.md","68774e344cdcffbbd8fd9c5bec5bbe4cfd5297eb9734fc542606831becc38441"
"md","step-02c-random-selection","core","core/workflows/brainstorming/steps/step-02c-random-selection.md","24b54de6ed3a3b0b87a23a28a69a5fa73e8bf9fb80353fb12db8258c1e29ac95"
"md","step-02d-progressive-flow","core","core/workflows/brainstorming/steps/step-02d-progressive-flow.md","34b53545f18cd26db8bff81072e1c6b38efe031969e72d79c7efa2814f3b9073"
"md","step-03-graceful-exit","core","core/workflows/party-mode/steps/step-03-graceful-exit.md","c07d1b5c3b4d48e8903872f24654e96f8cadd1d08202be3f5c2e381aa664e9bb"
"md","step-03-technique-execution","core","core/workflows/brainstorming/steps/step-03-technique-execution.md","a0f7ef0d58ccf21c1e10b9ab221f8dbcc8ddc0c09b322da3863996e8731b6409"
"md","step-04-idea-organization","core","core/workflows/brainstorming/steps/step-04-idea-organization.md","2a7f516d0e598ec3462795b1e5fe2bf2f3745276ca6ae609eed5562bacf46b0d"
"md","template","core","core/workflows/brainstorming/template.md","5c99d76963eb5fc21db96c5a68f39711dca7c6ed30e4f7d22aedee9e8bb964f9"
"md","validate-json-instructions","core","core/resources/excalidraw/validate-json-instructions.md","0970bac93d52b4ee591a11998a02d5682e914649a40725d623489c77f7a1e449"
"md","workflow","core","core/workflows/brainstorming/workflow.md","bedc061d67e63302b74a6b11e7b8ffdc201cc06e05ee4d2fd1db242ba50e0021"
"md","workflow","core","core/workflows/party-mode/workflow.md","e28f8880533fdd967e1798d916729f589b09f5465265b265688d25ce2764c748"
"xml","advanced-elicitation","core","core/tasks/advanced-elicitation.xml","2de1a0ee3de157ae3235be567d4c025f03ac9e6ffbbca52b2bf3b2cd1b78a385"
"xml","bmad-web-orchestrator.agent","core","core/agents/bmad-web-orchestrator.agent.xml","8031397b7636dcf5321658c9f540749fa051f714d278a29c8b0645dfaacbf010"
"xml","index-docs","core","core/tasks/index-docs.xml","e71ea015d1a5ef8362bb85e0ef0015d10fd7ff01642c70d7ea17b327d74f5658"
"xml","shard-doc","core","core/tools/shard-doc.xml","615edc5e1d10d42bdc6f07b3288d7201b0ed53e94c39841475f2b1b23dd76394"
"xml","validate-workflow","core","core/tasks/validate-workflow.xml","8e1c05791708373db79cc0fc009f0cb5fb7b8423d67a569f16b119bc01370845"
"xml","workflow","core","core/tasks/workflow.xml","e0cacebed3c81a36dc622f4ace3093fd4affbfb6656a7be82689709858cff283"
"yaml","bmad-master.agent","core","core/agents/bmad-master.agent.yaml",""
"yaml","config","core","core/config.yaml","18fc7d889c1e2f0aedfec37ce6f66f9f343a28f8cbf5df014fcd801ecf96db3c"
"yaml","config","core","core/config.yaml","18fc7d889c1e2f0aedfec37ce6f66f9f343a28f8cbf5df014fcd801ecf96db3c"
"yaml","module","core","core/module.yaml","9bfdb33215e02473ce302021bc112fa11baf96fed77df1f8f3e54f201e56ef1a"
